sim_time,reservation_time_trigger,RV_computation_time,Update_V2RB_computation_time,Compute_V2RB_computation_time,Solve_assignment_computation_time,N_V2RBs_at_start,N_V2RBs_after_update,N_V2RBs_after_build,N_Rqs_unassigned,N_Rqs_assigned,N_Rqs_locked,user_requests,request_batch
0,0.0,0.47176361083984375,0.0,0.0,0.016839981079101562,0.0,0.0,0.0,159,0,0,0.54192,0.48804
60,0.0,0.0,0.0,0.0,0.0,0.0,0.0,0.0,0.0,0.0,0.0,0.25245000000000006,0.0
120,0.0,0.08355712890625,0.0,0.0,0.0,0.0,0.0,0.0,16,116,3,0.24708,0.08834
180,0.0,0.0,0.0,0.0,0.0,0.0,0.0,0.0,0.0,0.0,0.0,0.26946000000000003,0.0
240,0.0,0.12397146224975586,0.0,0.0,0.002666950225830078,0.0,0.0,0.0,26,133,8,0.41638000000000003,0.12953
300,0.0,0.0,0.0,0.0,0.0,0.0,0.0,0.0,0.0,0.0,0.0,0.2971499999999999,0.0
360,0.0,0.14917325973510742,0.0,0.0,0.0,0.0,0.0,0.0,29,164,10,0.46354,0.16143
420,0.0,0.0,0.0,0.0,0.0,0.0,0.0,0.0,0.0,0.0,0.0,0.24467999999999995,0.0
480,0.0,0.09591484069824219,0.0,0.0,0.01023554801940918,0.0,0.0,0.0,23,185,15,0.5366200000000001,0.09896
540,0.0,0.0,0.0,0.0,0.0,0.0,0.0,0.0,0.0,0.0,0.0,0.22399,0.0
600,0.0,0.16510677337646484,0.0,0.0,0.0020046234130859375,0.0,0.0,0.0,26,198,32,0.83297,0.16874
660,0.0,0.0,0.0,0.0,0.0,0.0,0.0,0.0,0.0,0.0,0.0,0.23713999999999996,0.0
720,0.0,0.15529370307922363,0.0,0.0,0.004146099090576172,0.0,0.0,0.0,33,228,37,0.69373,0.1607
780,0.0,0.0,0.0,0.0,0.0,0.0,0.0,0.0,0.0,0.0,0.0,0.3300600000000001,0.0
840,0.0,0.20636200904846191,0.0,0.0,0.0,0.0,0.0,0.0,32,264,45,0.5421699999999999,0.20891
900,0.0,0.0,0.0,0.0,0.0,0.0,0.0,0.0,0.0,0.0,0.0,0.5897200000000001,0.0
960,0.0,0.19042444229125977,0.0,0.0,0.0,0.0,0.0,0.0,35,313,49,0.46886000000000005,0.19235
1020,0.0,0.0,0.0,0.0,0.0,0.0,0.0,0.0,0.0,0.0,0.0,0.35576,0.0
1080,0.0,0.22310161590576172,0.0,0.0,0.0,0.0,0.0,0.0,39,352,53,0.38914,0.22671
1140,0.0,0.0,0.0,0.0,0.0,0.0,0.0,0.0,0.0,0.0,0.0,0.5920399999999999,0.0
1200,0.0,0.19992756843566895,0.0,0.0,0.0020051002502441406,0.0,0.0,0.0,37,387,72,0.35058000000000006,0.20405
1260,0.0,0.0,0.0,0.0,0.0,0.0,0.0,0.0,0.0,0.0,0.0,0.2801400000000001,0.0
1320,0.0,0.22158241271972656,0.0,0.0,0.0020074844360351562,0.0,0.0,0.0,47,433,77,0.40984,0.22958
1380,0.0,0.0,0.0,0.0,0.0,0.0,0.0,0.0,0.0,0.0,0.0,0.5137600000000001,0.0
1440,0.0,0.1898491382598877,0.0,0.0,0.0,0.0,0.0,0.0,43,479,84,0.7286600000000002,0.18864
1500,0.0,0.0,0.0,0.0,0.0,0.0,0.0,0.0,0.0,0.0,0.0,0.4349800000000001,0.0
1560,0.0,0.2655515670776367,0.0,0.0,0.0017445087432861328,0.0,0.0,0.0,48,526,98,0.44793999999999995,0.27037
1620,0.0,0.0,0.0,0.0,0.0,0.0,0.0,0.0,0.0,0.0,0.0,0.7902,0.0
1680,0.0,0.332061767578125,0.0,0.0,0.002002716064453125,0.0,0.0,0.0,50,571,102,0.6962999999999999,0.33888
1740,0.0,0.0,0.0,0.0,0.0,0.0,0.0,0.0,0.0,0.0,0.0,0.51777,0.0
1800,0.0,0.2856004238128662,0.0,0.0,0.0,0.0,0.0,0.0,56,617,109,0.9794200000000002,0.29875
1860,0.0,0.0,0.0,0.0,0.0,0.0,0.0,0.0,0.0,0.0,0.0,0.8042400000000005,0.0
1920,0.0,0.3828399181365967,0.0,0.0,0.002007722854614258,0.0,0.0,0.0,55,667,123,0.6583900000000001,0.3978
1980,0.0,0.0,0.0,0.0,0.0,0.0,0.0,0.0,0.0,0.0,0.0,0.70711,0.0
2040,0.0,0.2025432586669922,0.0,0.0,0.0,0.0,0.0,0.0,48,712,129,0.4387799999999999,0.21522
2100,0.0,0.0,0.0,0.0,0.0,0.0,0.0,0.0,0.0,0.0,0.0,0.3164799999999999,0.0
2160,0.0,0.23906278610229492,0.0,0.0,0.0,0.0,0.0,0.0,50,752,131,0.67338,0.24422
2220,0.0,0.0,0.0,0.0,0.0,0.0,0.0,0.0,0.0,0.0,0.0,0.6956699999999999,0.0
2280,0.0,0.23672723770141602,0.0,0.0,0.0,0.0,0.0,0.0,52,782,149,0.38666,0.23186
2340,0.0,0.0,0.0,0.0,0.0,0.0,0.0,0.0,0.0,0.0,0.0,0.19434,0.0
2400,0.0,0.23211979866027832,0.0,0.0,0.0,0.0,0.0,0.0,54,816,162,0.4856899999999999,0.24278
2460,0.0,0.0,0.0,0.0,0.0,0.0,0.0,0.0,0.0,0.0,0.0,0.15973999999999997,0.0
2520,0.0,0.2320559024810791,0.0,0.0,0.0,0.0,0.0,0.0,46,879,163,0.2411099999999999,0.23985
2580,0.0,0.0,0.0,0.0,0.0,0.0,0.0,0.0,0.0,0.0,0.0,0.16573,0.0
2640,0.0,0.21142840385437012,0.0,0.0,0.0,0.0,0.0,0.0,42,930,164,0.40825000000000017,0.21766
2700,0.0,0.0,0.0,0.0,0.0,0.0,0.0,0.0,0.0,0.0,0.0,0.23095000000000002,0.0
2760,0.0,0.2598390579223633,0.0,0.0,0.0,0.0,0.0,0.0,58,977,171,0.38643,0.26584
2820,0.0,0.0,0.0,0.0,0.0,0.0,0.0,0.0,0.0,0.0,0.0,0.5030300000000002,0.0
2880,0.0,0.2875807285308838,0.0,0.0,0.0,0.0,0.0,0.0,47,1056,175,0.4277500000000001,0.28929
2940,0.0,0.0,0.0,0.0,0.0,0.0,0.0,0.0,0.0,0.0,0.0,0.47515999999999986,0.0
3000,0.0,0.3661046028137207,0.0,0.0,0.0020165443420410156,0.0,0.0,0.0,60,1126,184,0.6812099999999999,0.35836
3060,0.0,0.0,0.0,0.0,0.0,0.0,0.0,0.0,0.0,0.0,0.0,0.6516,0.0
3120,0.0,0.2512197494506836,0.0,0.0,0.0020058155059814453,0.0,0.0,0.0,47,1190,189,0.41981999999999997,0.25842
3180,0.0,0.0,0.0,0.0,0.0,0.0,0.0,0.0,0.0,0.0,0.0,0.3138800000000001,0.0
3240,0.0,0.24715876579284668,0.0,0.0,0.0020024776458740234,0.0,0.0,0.0,48,1238,194,0.35753000000000007,0.25303
3300,0.0,0.0,0.0,0.0,0.0,0.0,0.0,0.0,0.0,0.0,0.0,0.23471999999999998,0.0
3360,0.0,0.27666735649108887,0.0,0.0,0.0,0.0,0.0,0.0,51,1286,201,0.34009,0.28187
3420,0.0,0.0,0.0,0.0,0.0,0.0,0.0,0.0,0.0,0.0,0.0,0.2640700000000001,0.0
3480,0.0,0.3254551887512207,0.0,0.0,0.0,0.0,0.0,0.0,58,1356,205,0.5096200000000001,0.32453
3540,0.0,0.0,0.0,0.0,0.0,0.0,0.0,0.0,0.0,0.0,0.0,0.8573099999999999,0.0
3600,0.0,0.274829626083374,0.0,0.0,0.0020024776458740234,0.0,0.0,0.0,43,1441,210,0.27058,0.27848
3660,0.0,0.0,0.0,0.0,0.0,0.0,0.0,0.0,0.0,0.0,0.0,0.26714,0.0
3720,0.0,0.2556028366088867,0.0,0.0,0.012892723083496094,0.0,0.0,0.0,62,1480,226,0.37289000000000005,0.27567
3780,0.0,0.0,0.0,0.0,0.0,0.0,0.0,0.0,0.0,0.0,0.0,0.7005799999999999,0.0
3840,0.0,0.2865121364593506,0.0,0.0,0.0020055770874023438,0.0,0.0,0.0,48,1540,229,0.3129500000000001,0.28764
3900,0.0,0.0,0.0,0.0,0.0,0.0,0.0,0.0,0.0,0.0,0.0,0.51218,0.0
3960,0.0,0.28659510612487793,0.0,0.0,0.0,0.0,0.0,0.0,64,1587,232,0.6011299999999998,0.29325
4020,0.0,0.0,0.0,0.0,0.0,0.0,0.0,0.0,0.0,0.0,0.0,0.4356,0.0
4080,0.0,0.34296464920043945,0.0,0.0,0.0,0.0,0.0,0.0,66,1651,240,0.39835,0.35254
4140,0.0,0.0,0.0,0.0,0.0,0.0,0.0,0.0,0.0,0.0,0.0,0.40551000000000004,0.0
4200,0.0,0.24321961402893066,0.0,0.0,0.0,0.0,0.0,0.0,57,1690,249,0.31679,0.26201
4260,0.0,0.0,0.0,0.0,0.0,0.0,0.0,0.0,0.0,0.0,0.0,0.30060000000000003,0.0
4320,0.0,0.3742845058441162,0.0,0.0,0.001744985580444336,0.0,0.0,0.0,62,1751,255,0.26071999999999995,0.37491
4380,0.0,0.0,0.0,0.0,0.0,0.0,0.0,0.0,0.0,0.0,0.0,0.33977,0.0
4440,0.0,0.4264557361602783,0.0,0.0,0.0,0.0,0.0,0.0,76,1821,257,0.6122800000000002,0.42306
4500,0.0,0.0,0.0,0.0,0.0,0.0,0.0,0.0,0.0,0.0,0.0,0.43337999999999993,0.0
4560,0.0,0.3490872383117676,0.0,0.0,0.0,0.0,0.0,0.0,85,1892,265,0.46924999999999983,0.37115
4620,0.0,0.0,0.0,0.0,0.0,0.0,0.0,0.0,0.0,0.0,0.0,0.4751,0.0
4680,0.0,0.42569804191589355,0.0,0.0,0.017191410064697266,0.0,0.0,0.0,82,1953,273,0.7379499999999999,0.44831
4740,0.0,0.0,0.0,0.0,0.0,0.0,0.0,0.0,0.0,0.0,0.0,0.3893299999999999,0.0
4800,0.0,0.3131110668182373,0.0,0.0,0.000850677490234375,0.0,0.0,0.0,72,2013,277,0.40555000000000013,0.31844
4860,0.0,0.0,0.0,0.0,0.0,0.0,0.0,0.0,0.0,0.0,0.0,0.40428,0.0
4920,0.0,0.47967004776000977,0.0,0.0,0.0,0.0,0.0,0.0,90,2093,284,0.52884,0.49346
4980,0.0,0.0,0.0,0.0,0.0,0.0,0.0,0.0,0.0,0.0,0.0,0.62531,0.0
5040,0.0,0.46007204055786133,0.0,0.0,0.0,0.0,0.0,0.0,86,2163,289,0.62591,0.4552
5100,0.0,0.0,0.0,0.0,0.0,0.0,0.0,0.0,0.0,0.0,0.0,0.47495000000000004,0.0
5160,0.0,0.4918050765991211,0.0,0.0,0.0,0.0,0.0,0.0,94,2251,296,0.5621499999999998,0.49601
5220,0.0,0.0,0.0,0.0,0.0,0.0,0.0,0.0,0.0,0.0,0.0,0.34941999999999995,0.0
5280,0.0,0.5686526298522949,0.0,0.0,0.015688419342041016,0.0,0.0,0.0,102,2337,309,0.47641000000000006,0.58177
5340,0.0,0.0,0.0,0.0,0.0,0.0,0.0,0.0,0.0,0.0,0.0,0.3903100000000001,0.0
5400,0.0,0.4895801544189453,0.0,0.0,0.0,0.0,0.0,0.0,101,2430,313,0.8099100000000001,0.50386
5460,0.0,0.0,0.0,0.0,0.0,0.0,0.0,0.0,0.0,0.0,0.0,0.5567599999999998,0.0
5520,0.0,0.4760429859161377,0.0,0.0,0.0,0.0,0.0,0.0,84,2538,316,0.41392999999999996,0.47777
5580,0.0,0.0,0.0,0.0,0.0,0.0,0.0,0.0,0.0,0.0,0.0,0.4754499999999998,0.0
5640,0.0,0.6506197452545166,0.0,0.0,0.0,0.0,0.0,0.0,125,2614,322,0.5280600000000001,0.66615
5700,0.0,0.0,0.0,0.0,0.0,0.0,0.0,0.0,0.0,0.0,0.0,0.5347499999999998,0.0
5760,0.0,0.4777035713195801,0.0,0.0,0.0,0.0,0.0,0.0,92,2713,322,0.36627000000000015,0.48112
5820,0.0,0.0,0.0,0.0,0.0,0.0,0.0,0.0,0.0,0.0,0.0,0.5158800000000001,0.0
5880,0.0,0.7100448608398438,0.0,0.0,0.0,0.0,0.0,0.0,128,2804,332,0.6705399999999999,0.71324
5940,0.0,0.0,0.0,0.0,0.0,0.0,0.0,0.0,0.0,0.0,0.0,0.5190700000000003,0.0
6000,0.0,0.5894174575805664,0.0,0.0,0.0,0.0,0.0,0.0,131,2896,344,0.73054,0.60853
6060,0.0,0.0,0.0,0.0,0.0,0.0,0.0,0.0,0.0,0.0,0.0,0.5176199999999999,0.0
6120,0.0,0.5585811138153076,0.0,0.0,0.0,0.0,0.0,0.0,124,2998,345,0.5312200000000001,0.57432
6180,0.0,0.0,0.0,0.0,0.0,0.0,0.0,0.0,0.0,0.0,0.0,0.5876500000000001,0.0
6240,0.0,0.48694825172424316,0.0,0.0,0.0,0.0,0.0,0.0,99,3082,352,0.39304999999999995,0.50398
6300,0.0,0.0,0.0,0.0,0.0,0.0,0.0,0.0,0.0,0.0,0.0,0.60596,0.0
6360,0.0,0.6651010513305664,0.0,0.0,0.0,0.0,0.0,0.0,116,3183,353,0.87983,0.67476
6420,0.0,0.0,0.0,0.0,0.0,0.0,0.0,0.0,0.0,0.0,0.0,0.38777000000000006,0.0
6480,0.0,0.4456779956817627,0.0,0.0,0.016060829162597656,0.0,0.0,0.0,137,3229,358,0.5761099999999998,0.45782
6540,0.0,0.0,0.0,0.0,0.0,0.0,0.0,0.0,0.0,0.0,0.0,0.45120000000000005,0.0
6600,0.0,0.6617391109466553,0.0,0.0,0.0020029544830322266,0.0,0.0,0.0,132,3310,360,0.5616999999999998,0.67221
6660,0.0,0.0,0.0,0.0,0.0,0.0,0.0,0.0,0.0,0.0,0.0,0.5609000000000002,0.0
6720,0.0,0.6170744895935059,0.0,0.0,0.0,0.0,0.0,0.0,117,3370,367,0.44024000000000013,0.6262
6780,0.0,0.0,0.0,0.0,0.0,0.0,0.0,0.0,0.0,0.0,0.0,0.6004799999999997,0.0
6840,0.0,0.5346474647521973,0.0,0.0,0.0,0.0,0.0,0.0,123,3427,372,0.53174,0.54642
6900,0.0,0.0,0.0,0.0,0.0,0.0,0.0,0.0,0.0,0.0,0.0,0.47945000000000004,0.0
6960,0.0,0.4102473258972168,0.0,0.0,0.0,0.0,0.0,0.0,121,3439,377,0.49805,0.43157
7020,0.0,0.0,0.0,0.0,0.0,0.0,0.0,0.0,0.0,0.0,0.0,0.46803000000000006,0.0
7080,0.0,0.7464697360992432,0.0,0.0,0.0020036697387695312,0.0,0.0,0.0,145,3500,384,0.54773,0.75152
7140,0.0,0.0,0.0,0.0,0.0,0.0,0.0,0.0,0.0,0.0,0.0,0.4259900000000001,0.0
7200,0.0,0.4830775260925293,0.0,0.0,0.0,0.0,0.0,0.0,112,3530,385,0.49518999999999996,0.49087
7260,0.0,0.0,0.0,0.0,0.0,0.0,0.0,0.0,0.0,0.0,0.0,0.5380799999999999,0.0
7320,0.0,0.6163723468780518,0.0,0.0,0.002002716064453125,0.0,0.0,0.0,122,3584,385,0.5505099999999996,0.62717
7380,0.0,0.0,0.0,0.0,0.0,0.0,0.0,0.0,0.0,0.0,0.0,0.45629000000000003,0.0
7440,0.0,0.46322131156921387,0.0,0.0,0.0017430782318115234,0.0,0.0,0.0,115,3644,386,0.44554000000000005,0.47224
7500,0.0,0.0,0.0,0.0,0.0,0.0,0.0,0.0,0.0,0.0,0.0,0.4684999999999999,0.0
7560,0.0,0.5413417816162109,0.0,0.0,0.0020041465759277344,0.0,0.0,0.0,107,3702,391,0.36818999999999974,0.55373
7620,0.0,0.0,0.0,0.0,0.0,0.0,0.0,0.0,0.0,0.0,0.0,0.45023000000000013,0.0
7680,0.0,0.5100247859954834,0.0,0.0,0.0,0.0,0.0,0.0,112,3780,392,0.3853399999999999,0.52285
7740,0.0,0.0,0.0,0.0,0.0,0.0,0.0,0.0,0.0,0.0,0.0,0.4878200000000001,0.0
7800,0.0,0.3976607322692871,0.0,0.0,0.00200653076171875,0.0,0.0,0.0,105,3794,393,0.40380000000000016,0.39775
7860,0.0,0.0,0.0,0.0,0.0,0.0,0.0,0.0,0.0,0.0,0.0,0.49672000000000005,0.0
7920,0.0,0.5230984687805176,0.0,0.0,0.0,0.0,0.0,0.0,116,3825,394,0.5751200000000001,0.54226
7980,0.0,0.0,0.0,0.0,0.0,0.0,0.0,0.0,0.0,0.0,0.0,0.5221899999999998,0.0
8040,0.0,0.5009191036224365,0.0,0.0,0.0038912296295166016,0.0,0.0,0.0,115,3899,395,0.53655,0.51226
8100,0.0,0.0,0.0,0.0,0.0,0.0,0.0,0.0,0.0,0.0,0.0,0.4725300000000001,0.0
8160,0.0,0.44686317443847656,0.0,0.0,0.0,0.0,0.0,0.0,125,3961,395,0.4763400000000001,0.45672
8220,0.0,0.0,0.0,0.0,0.0,0.0,0.0,0.0,0.0,0.0,0.0,0.51719,0.0
8280,0.0,0.490772008895874,0.0,0.0,0.001743316650390625,0.0,0.0,0.0,125,3988,401,0.4785299999999999,0.50069
8340,0.0,0.0,0.0,0.0,0.0,0.0,0.0,0.0,0.0,0.0,0.0,0.5626300000000002,0.0
8400,0.0,0.41450023651123047,0.0,0.0,0.0,0.0,0.0,0.0,115,3993,402,0.43491999999999986,0.42018
8460,0.0,0.0,0.0,0.0,0.0,0.0,0.0,0.0,0.0,0.0,0.0,0.41903000000000024,0.0
8520,0.0,0.4185633659362793,0.0,0.0,0.0,0.0,0.0,0.0,115,4002,402,0.3874899999999998,0.42544
8580,0.0,0.0,0.0,0.0,0.0,0.0,0.0,0.0,0.0,0.0,0.0,0.35024,0.0
8640,0.0,0.49303603172302246,0.0,0.0,0.0,0.0,0.0,0.0,116,4020,402,0.5269599999999999,0.50314
8700,0.0,0.0,0.0,0.0,0.0,0.0,0.0,0.0,0.0,0.0,0.0,0.39291000000000004,0.0
8760,0.0,0.323347806930542,0.0,0.0,0.002005338668823242,0.0,0.0,0.0,100,4037,403,0.3813899999999999,0.33296
8820,0.0,0.0,0.0,0.0,0.0,0.0,0.0,0.0,0.0,0.0,0.0,0.38383,0.0
8880,0.0,0.37738943099975586,0.0,0.0,0.0,0.0,0.0,0.0,80,4065,405,0.33724000000000004,0.39972
8940,0.0,0.0,0.0,0.0,0.0,0.0,0.0,0.0,0.0,0.0,0.0,0.4224,0.0
9000,0.0,0.34361767768859863,0.0,0.0,0.002003192901611328,0.0,0.0,0.0,86,4088,406,0.33448000000000006,0.3559
9060,0.0,0.0,0.0,0.0,0.0,0.0,0.0,0.0,0.0,0.0,0.0,0.37834999999999996,0.0
9120,0.0,0.42911505699157715,0.0,0.0,0.0,0.0,0.0,0.0,95,4108,408,0.3252900000000001,0.45144
9180,0.0,0.0,0.0,0.0,0.0,0.0,0.0,0.0,0.0,0.0,0.0,0.3506799999999999,0.0
9240,0.0,0.32437729835510254,0.0,0.0,0.016061782836914062,0.0,0.0,0.0,91,4124,410,0.2929299999999999,0.34239
9300,0.0,0.0,0.0,0.0,0.0,0.0,0.0,0.0,0.0,0.0,0.0,0.31105,0.0
9360,0.0,0.4122800827026367,0.0,0.0,0.0,0.0,0.0,0.0,99,4137,411,0.36771000000000004,0.42604
9420,0.0,0.0,0.0,0.0,0.0,0.0,0.0,0.0,0.0,0.0,0.0,0.2773699999999999,0.0
9480,0.0,0.4454944133758545,0.0,0.0,0.0,0.0,0.0,0.0,111,4156,411,0.42109000000000013,0.46022
9540,0.0,0.0,0.0,0.0,0.0,0.0,0.0,0.0,0.0,0.0,0.0,0.22974,0.0
9600,0.0,0.31246066093444824,0.0,0.0,0.0,0.0,0.0,0.0,75,4164,413,0.23739999999999992,0.33138
9660,0.0,0.0,0.0,0.0,0.0,0.0,0.0,0.0,0.0,0.0,0.0,0.28218000000000004,0.0
9720,0.0,0.2440321445465088,0.0,0.0,0.0,0.0,0.0,0.0,66,4175,414,0.231,0.26068
9780,0.0,0.0,0.0,0.0,0.0,0.0,0.0,0.0,0.0,0.0,0.0,0.27723999999999993,0.0
9840,0.0,0.20576834678649902,0.0,0.0,0.0,0.0,0.0,0.0,64,4177,415,0.2333500000000001,0.21517
9900,0.0,0.0,0.0,0.0,0.0,0.0,0.0,0.0,0.0,0.0,0.0,0.24964999999999993,0.0
9960,0.0,0.2860829830169678,0.0,0.0,0.0,0.0,0.0,0.0,70,4189,415,0.31886,0.2854
10020,0.0,0.0,0.0,0.0,0.0,0.0,0.0,0.0,0.0,0.0,0.0,0.28254999999999986,0.0
10080,0.0,0.18931126594543457,0.0,0.0,0.0020072460174560547,0.0,0.0,0.0,59,4192,415,0.22293000000000002,0.2032
10140,0.0,0.0,0.0,0.0,0.0,0.0,0.0,0.0,0.0,0.0,0.0,0.19147999999999998,0.0
10200,0.0,0.2282733917236328,0.0,0.0,0.0,0.0,0.0,0.0,70,4197,416,0.23202000000000006,0.24124
10260,0.0,0.0,0.0,0.0,0.0,0.0,0.0,0.0,0.0,0.0,0.0,0.20702999999999996,0.0
10320,0.0,0.1563112735748291,0.0,0.0,0.0020024776458740234,0.0,0.0,0.0,50,4201,416,0.20486999999999997,0.16748
10380,0.0,0.0,0.0,0.0,0.0,0.0,0.0,0.0,0.0,0.0,0.0,0.17415999999999998,0.0
10440,0.0,0.17397832870483398,0.0,0.0,0.0020036697387695312,0.0,0.0,0.0,42,4205,417,0.18016000000000001,0.1837
10500,0.0,0.0,0.0,0.0,0.0,0.0,0.0,0.0,0.0,0.0,0.0,0.12481,0.0
10560,0.0,0.1623079776763916,0.0,0.0,0.0017445087432861328,0.0,0.0,0.0,43,4206,418,0.15108,0.16838
10620,0.0,0.0,0.0,0.0,0.0,0.0,0.0,0.0,0.0,0.0,0.0,0.21720999999999996,0.0
10680,0.0,0.1437690258026123,0.0,0.0,0.004053592681884766,0.0,0.0,0.0,41,4207,419,0.13720999999999997,0.15837
10740,0.0,0.0,0.0,0.0,0.0,0.0,0.0,0.0,0.0,0.0,0.0,0.20949999999999994,0.0
10800,0.0,0.17771530151367188,0.0,0.0,0.0,0.0,0.0,0.0,34,4210,419,0.12437,0.19129
10860,0.0,0.0,0.0,0.0,0.0,0.0,0.0,0.0,0.0,0.0,0.0,0.16956999999999997,0.0
10920,0.0,0.0940859317779541,0.0,0.0,0.0,0.0,0.0,0.0,31,4210,421,0.11766000000000003,0.10959
10980,0.0,0.0,0.0,0.0,0.0,0.0,0.0,0.0,0.0,0.0,0.0,0.12924000000000002,0.0
11040,0.0,0.09554648399353027,0.0,0.0,0.002004384994506836,0.0,0.0,0.0,29,4209,423,0.13741,0.10703
11100,0.0,0.0,0.0,0.0,0.0,0.0,0.0,0.0,0.0,0.0,0.0,0.06169000000000001,0.0
11160,0.0,0.06919646263122559,0.0,0.0,0.0,0.0,0.0,0.0,20,4211,423,0.06709999999999999,0.08203
11220,0.0,0.0,0.0,0.0,0.0,0.0,0.0,0.0,0.0,0.0,0.0,0.14068,0.0
11280,0.0,0.09064745903015137,0.0,0.0,0.0,0.0,0.0,0.0,29,4211,423,0.0995,0.10086
11340,0.0,0.0,0.0,0.0,0.0,0.0,0.0,0.0,0.0,0.0,0.0,0.08208,0.0
11400,0.0,0.10450339317321777,0.0,0.0,0.0,0.0,0.0,0.0,28,4212,423,0.10433999999999997,0.11952
11460,0.0,0.0,0.0,0.0,0.0,0.0,0.0,0.0,0.0,0.0,0.0,0.12535999999999997,0.0
11520,0.0,0.12621164321899414,0.0,0.0,0.0,0.0,0.0,0.0,28,4215,423,0.09973999999999998,0.14125
11580,0.0,0.0,0.0,0.0,0.0,0.0,0.0,0.0,0.0,0.0,0.0,0.08503,0.0
11640,0.0,0.05598282814025879,0.0,0.0,0.0,0.0,0.0,0.0,18,4215,424,0.050800000000000005,0.07542
11700,0.0,0.0,0.0,0.0,0.0,0.0,0.0,0.0,0.0,0.0,0.0,0.14059,0.0
11760,0.0,0.09468436241149902,0.0,0.0,0.0,0.0,0.0,0.0,24,4216,424,0.08516,0.10821
11820,0.0,0.0,0.0,0.0,0.0,0.0,0.0,0.0,0.0,0.0,0.0,0.09572999999999997,0.0
11880,0.0,0.07378435134887695,0.0,0.0,0.0,0.0,0.0,0.0,19,4217,424,0.08844,0.09022
11940,0.0,0.0,0.0,0.0,0.0,0.0,0.0,0.0,0.0,0.0,0.0,0.05349000000000001,0.0
12000,0.0,0.1021430492401123,0.0,0.0,0.0,0.0,0.0,0.0,26,4218,424,0.11758,0.12052
12060,0.0,0.0,0.0,0.0,0.0,0.0,0.0,0.0,0.0,0.0,0.0,0.10346,0.0
12120,0.0,0.11220192909240723,0.0,0.0,0.004013776779174805,0.0,0.0,0.0,20,4218,424,0.10350999999999999,0.1337
12180,0.0,0.0,0.0,0.0,0.0,0.0,0.0,0.0,0.0,0.0,0.0,0.06551999999999998,0.0
12240,0.0,0.023056983947753906,0.0,0.0,0.0030884742736816406,0.0,0.0,0.0,5,4219,424,0.02626,0.03716
12300,0.0,0.0,0.0,0.0,0.0,0.0,0.0,0.0,0.0,0.0,0.0,0.06569,0.0
12360,0.0,0.08948349952697754,0.0,0.0,0.0,0.0,0.0,0.0,20,4219,424,0.08536,0.10845
12420,0.0,0.0,0.0,0.0,0.0,0.0,0.0,0.0,0.0,0.0,0.0,0.09122,0.0
12480,0.0,0.0831749439239502,0.0,0.0,0.002006053924560547,0.0,0.0,0.0,14,4222,424,0.049350000000000005,0.1021
12540,0.0,0.0,0.0,0.0,0.0,0.0,0.0,0.0,0.0,0.0,0.0,0.04709,0.0
12600,0.0,0.03802204132080078,0.0,0.0,0.0020034313201904297,0.0,0.0,0.0,11,4223,424,0.03513,0.04467
12660,0.0,0.0,0.0,0.0,0.0,0.0,0.0,0.0,0.0,0.0,0.0,0.025760000000000005,0.0
12720,0.0,0.02504444122314453,0.0,0.0,0.0,0.0,0.0,0.0,10,4222,425,0.02403,0.03386
12780,0.0,0.0,0.0,0.0,0.0,0.0,0.0,0.0,0.0,0.0,0.0,0.05859,0.0
12840,0.0,0.032074689865112305,0.0,0.0,0.0,0.0,0.0,0.0,11,4222,425,0.03317,0.04443
12900,0.0,0.0,0.0,0.0,0.0,0.0,0.0,0.0,0.0,0.0,0.0,0.04064,0.0
12960,0.0,0.03297162055969238,0.0,0.0,0.0,0.0,0.0,0.0,12,4223,425,0.024599999999999997,0.03912
13020,0.0,0.0,0.0,0.0,0.0,0.0,0.0,0.0,0.0,0.0,0.0,0.03568999999999999,0.0
13080,0.0,0.055023908615112305,0.0,0.0,0.0020046234130859375,0.0,0.0,0.0,13,4223,425,0.04083,0.05845
13140,0.0,0.0,0.0,0.0,0.0,0.0,0.0,0.0,0.0,0.0,0.0,0.02356,0.0
13200,0.0,0.025632619857788086,0.0,0.0,0.002003908157348633,0.0,0.0,0.0,12,4223,425,0.05019,0.05373
13260,0.0,0.0,0.0,0.0,0.0,0.0,0.0,0.0,0.0,0.0,0.0,0.04398,0.0
13320,0.0,0.033150434494018555,0.0,0.0,0.0027437210083007812,0.0,0.0,0.0,10,4224,425,0.04649,0.04761
13380,0.0,0.0,0.0,0.0,0.0,0.0,0.0,0.0,0.0,0.0,0.0,0.02551,0.0
13440,0.0,0.03193545341491699,0.0,0.0,0.0,0.0,0.0,0.0,11,4225,425,0.039569999999999994,0.04923
13500,0.0,0.0,0.0,0.0,0.0,0.0,0.0,0.0,0.0,0.0,0.0,0.03541,0.0
13560,0.0,0.0035085678100585938,0.0,0.0,0.0,0.0,0.0,0.0,1,4226,425,0.00071,0.01664
13620,0.0,0.0,0.0,0.0,0.0,0.0,0.0,0.0,0.0,0.0,0.0,0.05595,0.0
13680,0.0,0.0343630313873291,0.0,0.0,0.0035889148712158203,0.0,0.0,0.0,11,4226,425,0.032130000000000006,0.04455
13740,0.0,0.0,0.0,0.0,0.0,0.0,0.0,0.0,0.0,0.0,0.0,0.02566,0.0
13800,0.0,0.0276334285736084,0.0,0.0,0.0,0.0,0.0,0.0,11,4225,426,0.04031,0.04373
13860,0.0,0.0,0.0,0.0,0.0,0.0,0.0,0.0,0.0,0.0,0.0,0.04243,0.0
13920,0.0,0.02611517906188965,0.0,0.0,0.0,0.0,0.0,0.0,7,4227,425,0.027209999999999998,0.03849
13980,0.0,0.0,0.0,0.0,0.0,0.0,0.0,0.0,0.0,0.0,0.0,0.022269999999999998,0.0
14040,0.0,0.042575836181640625,0.0,0.0,0.0,0.0,0.0,0.0,13,4226,426,0.05375,0.05775
14100,0.0,0.0,0.0,0.0,0.0,0.0,0.0,0.0,0.0,0.0,0.0,0.02484,0.0
14160,0.0,0.031714439392089844,0.0,0.0,0.0,0.0,0.0,0.0,11,4226,426,0.03353,0.04382
14220,0.0,0.0,0.0,0.0,0.0,0.0,0.0,0.0,0.0,0.0,0.0,0.028320000000000005,0.0
14280,0.0,0.04792594909667969,0.0,0.0,0.0,0.0,0.0,0.0,15,4226,426,0.048240000000000005,0.05066
14340,0.0,0.0,0.0,0.0,0.0,0.0,0.0,0.0,0.0,0.0,0.0,0.02064,0.0
14400,0.0,0.029603958129882812,0.0,0.0,0.0,0.0,0.0,0.0,12,4226,427,0.028180000000000004,0.04212
14460,0.0,0.0,0.0,0.0,0.0,0.0,0.0,0.0,0.0,0.0,0.0,0.020790000000000003,0.0
14520,0.0,0.036468505859375,0.0,0.0,0.0,0.0,0.0,0.0,13,4225,428,0.04611,0.05447
14580,0.0,0.0,0.0,0.0,0.0,0.0,0.0,0.0,0.0,0.0,0.0,0.06808,0.0
14640,0.0,0.03919267654418945,0.0,0.0,0.0020020008087158203,0.0,0.0,0.0,14,4225,428,0.039470000000000005,0.05273
14700,0.0,0.0,0.0,0.0,0.0,0.0,0.0,0.0,0.0,0.0,0.0,0.04304000000000001,0.0
14760,0.0,0.02580857276916504,0.0,0.0,0.0,0.0,0.0,0.0,9,4225,429,0.03574,0.03795
14820,0.0,0.0,0.0,0.0,0.0,0.0,0.0,0.0,0.0,0.0,0.0,0.08024999999999999,0.0
14880,0.0,0.06193876266479492,0.0,0.0,0.0,0.0,0.0,0.0,15,4225,429,0.09073,0.07249
14940,0.0,0.0,0.0,0.0,0.0,0.0,0.0,0.0,0.0,0.0,0.0,0.05225,0.0
15000,0.0,0.061359405517578125,0.0,0.0,0.0,0.0,0.0,0.0,16,4225,430,0.05923,0.0738
15060,0.0,0.0,0.0,0.0,0.0,0.0,0.0,0.0,0.0,0.0,0.0,0.06215000000000001,0.0
15120,0.0,0.07654476165771484,0.0,0.0,0.0,0.0,0.0,0.0,21,4226,430,0.07839,0.09153
15180,0.0,0.0,0.0,0.0,0.0,0.0,0.0,0.0,0.0,0.0,0.0,0.038470000000000004,0.0
15240,0.0,0.05433297157287598,0.0,0.0,0.0,0.0,0.0,0.0,18,4226,430,0.05908,0.08033
15300,0.0,0.0,0.0,0.0,0.0,0.0,0.0,0.0,0.0,0.0,0.0,0.02935,0.0
15360,0.0,0.049936771392822266,0.0,0.0,0.013184785842895508,0.0,0.0,0.0,18,4227,431,0.05238,0.06048
15420,0.0,0.0,0.0,0.0,0.0,0.0,0.0,0.0,0.0,0.0,0.0,0.04127000000000001,0.0
15480,0.0,0.09096813201904297,0.0,0.0,0.004011392593383789,0.0,0.0,0.0,26,4227,431,0.13475,0.117
15540,0.0,0.0,0.0,0.0,0.0,0.0,0.0,0.0,0.0,0.0,0.0,0.10373,0.0
15600,0.0,0.057753801345825195,0.0,0.0,0.0,0.0,0.0,0.0,16,4227,432,0.07697000000000001,0.07137
15660,0.0,0.0,0.0,0.0,0.0,0.0,0.0,0.0,0.0,0.0,0.0,0.04366,0.0
15720,0.0,0.0762171745300293,0.0,0.0,0.0,0.0,0.0,0.0,14,4227,432,0.06896000000000001,0.09688
15780,0.0,0.0,0.0,0.0,0.0,0.0,0.0,0.0,0.0,0.0,0.0,0.11429,0.0
15840,0.0,0.10102581977844238,0.0,0.0,0.0017409324645996094,0.0,0.0,0.0,27,4228,432,0.14983000000000002,0.11256
15900,0.0,0.0,0.0,0.0,0.0,0.0,0.0,0.0,0.0,0.0,0.0,0.14963,0.0
15960,0.0,0.15406322479248047,0.0,0.0,0.0017464160919189453,0.0,0.0,0.0,28,4229,432,0.13131,0.15295
16020,0.0,0.0,0.0,0.0,0.0,0.0,0.0,0.0,0.0,0.0,0.0,0.09354999999999998,0.0
16080,0.0,0.06601977348327637,0.0,0.0,0.0,0.0,0.0,0.0,23,4229,432,0.07906999999999999,0.08474
16140,0.0,0.0,0.0,0.0,0.0,0.0,0.0,0.0,0.0,0.0,0.0,0.05963,0.0
16200,0.0,0.08753609657287598,0.0,0.0,0.0020072460174560547,0.0,0.0,0.0,20,4230,432,0.06527000000000001,0.11041
16260,0.0,0.0,0.0,0.0,0.0,0.0,0.0,0.0,0.0,0.0,0.0,0.08313999999999999,0.0
16320,0.0,0.07724833488464355,0.0,0.0,0.0020034313201904297,0.0,0.0,0.0,17,4232,432,0.06208000000000001,0.10037
16380,0.0,0.0,0.0,0.0,0.0,0.0,0.0,0.0,0.0,0.0,0.0,0.0898,0.0
16440,0.0,0.09850358963012695,0.0,0.0,0.0,0.0,0.0,0.0,26,4233,432,0.1402,0.10955
16500,0.0,0.0,0.0,0.0,0.0,0.0,0.0,0.0,0.0,0.0,0.0,0.12054999999999999,0.0
16560,0.0,0.07488036155700684,0.0,0.0,0.0,0.0,0.0,0.0,29,4233,432,0.08196000000000002,0.08803
16620,0.0,0.0,0.0,0.0,0.0,0.0,0.0,0.0,0.0,0.0,0.0,0.09605000000000001,0.0
16680,0.0,0.08679890632629395,0.0,0.0,0.0,0.0,0.0,0.0,32,4233,432,0.10089000000000002,0.09976
16740,0.0,0.0,0.0,0.0,0.0,0.0,0.0,0.0,0.0,0.0,0.0,0.18056,0.0
16800,0.0,0.13508820533752441,0.0,0.0,0.0020051002502441406,0.0,0.0,0.0,40,4234,432,0.25094000000000005,0.14321
16860,0.0,0.0,0.0,0.0,0.0,0.0,0.0,0.0,0.0,0.0,0.0,0.08523,0.0
16920,0.0,0.15088462829589844,0.0,0.0,0.0,0.0,0.0,0.0,38,4236,432,0.14221,0.15319
16980,0.0,0.0,0.0,0.0,0.0,0.0,0.0,0.0,0.0,0.0,0.0,0.09638999999999999,0.0
17040,0.0,0.06995582580566406,0.0,0.0,0.0,0.0,0.0,0.0,23,4237,432,0.07199999999999998,0.08097
17100,0.0,0.0,0.0,0.0,0.0,0.0,0.0,0.0,0.0,0.0,0.0,0.09416999999999999,0.0
17160,0.0,0.11268806457519531,0.0,0.0,0.0,0.0,0.0,0.0,39,4238,432,0.11742,0.13069
17220,0.0,0.0,0.0,0.0,0.0,0.0,0.0,0.0,0.0,0.0,0.0,0.09257000000000001,0.0
17280,0.0,0.11216282844543457,0.0,0.0,0.0,0.0,0.0,0.0,41,4239,432,0.11472999999999997,0.11762
17340,0.0,0.0,0.0,0.0,0.0,0.0,0.0,0.0,0.0,0.0,0.0,0.14491999999999997,0.0
17400,0.0,0.0709691047668457,0.0,0.0,0.0,0.0,0.0,0.0,28,4239,432,0.08467999999999999,0.08415
17460,0.0,0.0,0.0,0.0,0.0,0.0,0.0,0.0,0.0,0.0,0.0,0.09205000000000002,0.0
17520,0.0,0.15060710906982422,0.0,0.0,0.0,0.0,0.0,0.0,51,4240,432,0.16032,0.16673
17580,0.0,0.0,0.0,0.0,0.0,0.0,0.0,0.0,0.0,0.0,0.0,0.14540999999999998,0.0
17640,0.0,0.14271950721740723,0.0,0.0,0.0,0.0,0.0,0.0,39,4241,432,0.13075,0.15969
17700,0.0,0.0,0.0,0.0,0.0,0.0,0.0,0.0,0.0,0.0,0.0,0.13909,0.0
17760,0.0,0.13968372344970703,0.0,0.0,0.0,0.0,0.0,0.0,35,4243,432,0.11608999999999998,0.15321
17820,0.0,0.0,0.0,0.0,0.0,0.0,0.0,0.0,0.0,0.0,0.0,0.19649999999999998,0.0
17880,0.0,0.13240456581115723,0.0,0.0,0.0,0.0,0.0,0.0,35,4243,432,0.13908000000000004,0.13758
17940,0.0,0.0,0.0,0.0,0.0,0.0,0.0,0.0,0.0,0.0,0.0,0.13640000000000002,0.0
18000,0.0,0.16321825981140137,0.0,0.0,0.0020051002502441406,0.0,0.0,0.0,45,4244,432,0.21535999999999997,0.17337
18060,0.0,0.0,0.0,0.0,0.0,0.0,0.0,0.0,0.0,0.0,0.0,0.17130000000000004,0.0
18120,0.0,0.19060420989990234,0.0,0.0,0.004411220550537109,0.0,0.0,0.0,43,4245,432,0.2075599999999999,0.22938
18180,0.0,0.0,0.0,0.0,0.0,0.0,0.0,0.0,0.0,0.0,0.0,0.28644,0.0
18240,0.0,0.21259450912475586,0.0,0.0,0.001066446304321289,0.0,0.0,0.0,54,4247,432,0.28002000000000005,0.23583
18300,0.0,0.0,0.0,0.0,0.0,0.0,0.0,0.0,0.0,0.0,0.0,0.26395,0.0
18360,0.0,0.31435704231262207,0.0,0.0,0.0032427310943603516,0.0,0.0,0.0,54,4250,432,0.23285999999999996,0.35115
18420,0.0,0.0,0.0,0.0,0.0,0.0,0.0,0.0,0.0,0.0,0.0,0.17036999999999997,0.0
18480,0.0,0.1586780548095703,0.0,0.0,0.002005338668823242,0.0,0.0,0.0,50,4251,432,0.15486,0.17343
18540,0.0,0.0,0.0,0.0,0.0,0.0,0.0,0.0,0.0,0.0,0.0,0.20913000000000004,0.0
18600,0.0,0.24784588813781738,0.0,0.0,0.001003265380859375,0.0,0.0,0.0,60,4254,432,0.26896999999999993,0.26105
18660,0.0,0.0,0.0,0.0,0.0,0.0,0.0,0.0,0.0,0.0,0.0,0.19035,0.0
18720,0.0,0.18967843055725098,0.0,0.0,0.0020034313201904297,0.0,0.0,0.0,54,4256,432,0.19822,0.20183
18780,0.0,0.0,0.0,0.0,0.0,0.0,0.0,0.0,0.0,0.0,0.0,0.20224999999999993,0.0
18840,0.0,0.1594390869140625,0.0,0.0,0.0,0.0,0.0,0.0,59,4257,432,0.20467000000000002,0.17319
18900,0.0,0.0,0.0,0.0,0.0,0.0,0.0,0.0,0.0,0.0,0.0,0.16678999999999997,0.0
18960,0.0,0.19806718826293945,0.0,0.0,0.0,0.0,0.0,0.0,60,4260,432,0.18644999999999995,0.21719
19020,0.0,0.0,0.0,0.0,0.0,0.0,0.0,0.0,0.0,0.0,0.0,0.14265000000000003,0.0
19080,0.0,0.2241361141204834,0.0,0.0,0.0,0.0,0.0,0.0,62,4262,433,0.24663999999999997,0.24118
19140,0.0,0.0,0.0,0.0,0.0,0.0,0.0,0.0,0.0,0.0,0.0,0.19347,0.0
19200,0.0,0.21913838386535645,0.0,0.0,0.0,0.0,0.0,0.0,72,4263,434,0.22823000000000004,0.22581
19260,0.0,0.0,0.0,0.0,0.0,0.0,0.0,0.0,0.0,0.0,0.0,0.2320099999999999,0.0
19320,0.0,0.21772003173828125,0.0,0.0,0.0,0.0,0.0,0.0,60,4264,434,0.20104999999999998,0.23784
19380,0.0,0.0,0.0,0.0,0.0,0.0,0.0,0.0,0.0,0.0,0.0,0.17427999999999993,0.0
19440,0.0,0.32312750816345215,0.0,0.0,0.0,0.0,0.0,0.0,66,4265,435,0.27323,0.33976
19500,0.0,0.0,0.0,0.0,0.0,0.0,0.0,0.0,0.0,0.0,0.0,0.28002000000000005,0.0
19560,0.0,0.25432920455932617,0.0,0.0,0.0,0.0,0.0,0.0,63,4267,435,0.28480000000000016,0.27394
19620,0.0,0.0,0.0,0.0,0.0,0.0,0.0,0.0,0.0,0.0,0.0,0.33652,0.0
19680,0.0,0.29309558868408203,0.0,0.0,0.002007007598876953,0.0,0.0,0.0,66,4266,436,0.24241000000000004,0.31535
19740,0.0,0.0,0.0,0.0,0.0,0.0,0.0,0.0,0.0,0.0,0.0,0.26288999999999996,0.0
19800,0.0,0.22790026664733887,0.0,0.0,0.0020034313201904297,0.0,0.0,0.0,65,4266,436,0.22856999999999994,0.2369
19860,0.0,0.0,0.0,0.0,0.0,0.0,0.0,0.0,0.0,0.0,0.0,0.26221,0.0
19920,0.0,0.2002880573272705,0.0,0.0,0.0,0.0,0.0,0.0,57,4266,436,0.20894,0.21757
19980,0.0,0.0,0.0,0.0,0.0,0.0,0.0,0.0,0.0,0.0,0.0,0.21726999999999994,0.0
20040,0.0,0.2540855407714844,0.0,0.0,0.0,0.0,0.0,0.0,70,4266,436,0.26162,0.25719
20100,0.0,0.0,0.0,0.0,0.0,0.0,0.0,0.0,0.0,0.0,0.0,0.24031999999999998,0.0
20160,0.0,0.15761137008666992,0.0,0.0,0.0,0.0,0.0,0.0,57,4266,436,0.18496000000000004,0.17607
20220,0.0,0.0,0.0,0.0,0.0,0.0,0.0,0.0,0.0,0.0,0.0,0.27538,0.0
20280,0.0,0.2554593086242676,0.0,0.0,0.0,0.0,0.0,0.0,83,4266,436,0.26570999999999995,0.26519
20340,0.0,0.0,0.0,0.0,0.0,0.0,0.0,0.0,0.0,0.0,0.0,0.26832000000000006,0.0
20400,0.0,0.1800086498260498,0.0,0.0,0.0017414093017578125,0.0,0.0,0.0,60,4266,436,0.19925,0.18507
20460,0.0,0.0,0.0,0.0,0.0,0.0,0.0,0.0,0.0,0.0,0.0,0.23438000000000003,0.0
20520,0.0,0.19782590866088867,0.0,0.0,0.0,0.0,0.0,0.0,58,4266,436,0.21229999999999993,0.21053
20580,0.0,0.0,0.0,0.0,0.0,0.0,0.0,0.0,0.0,0.0,0.0,0.2646,0.0
20640,0.0,0.29186248779296875,0.0,0.0,0.0,0.0,0.0,0.0,79,4266,436,0.30493,0.3086
20700,0.0,0.0,0.0,0.0,0.0,0.0,0.0,0.0,0.0,0.0,0.0,0.25122,0.0
20760,0.0,0.15986323356628418,0.0,0.0,0.0,0.0,0.0,0.0,59,4266,436,0.2224099999999999,0.17418
20820,0.0,0.0,0.0,0.0,0.0,0.0,0.0,0.0,0.0,0.0,0.0,0.2550199999999999,0.0
20880,0.0,0.4292011260986328,0.0,0.0,0.010866641998291016,0.0,0.0,0.0,89,4266,436,0.36556000000000005,0.43949
20940,0.0,0.0,0.0,0.0,0.0,0.0,0.0,0.0,0.0,0.0,0.0,0.40220999999999996,0.0
21000,0.0,0.22956061363220215,0.0,0.0,0.0020074844360351562,0.0,0.0,0.0,65,4266,436,0.24734999999999996,0.24627
21060,0.0,0.0,0.0,0.0,0.0,0.0,0.0,0.0,0.0,0.0,0.0,0.22824,0.0
21120,0.0,0.2227473258972168,0.0,0.0,0.0020046234130859375,0.0,0.0,0.0,68,4266,436,0.22903,0.2335
21180,0.0,0.0,0.0,0.0,0.0,0.0,0.0,0.0,0.0,0.0,0.0,0.25458,0.0
21240,0.0,0.26523733139038086,0.0,0.0,0.0020041465759277344,0.0,0.0,0.0,84,4266,436,0.3007499999999999,0.27363
21300,0.0,0.0,0.0,0.0,0.0,0.0,0.0,0.0,0.0,0.0,0.0,0.27726999999999996,0.0
21360,0.0,0.2395179271697998,0.0,0.0,0.0011203289031982422,0.0,0.0,0.0,64,4266,436,0.22699999999999995,0.25403
21420,0.0,0.0,0.0,0.0,0.0,0.0,0.0,0.0,0.0,0.0,0.0,0.28603,0.0
21480,0.0,0.3191220760345459,0.0,0.0,0.0,0.0,0.0,0.0,79,4266,436,0.30122999999999994,0.31889
21540,0.0,0.0,0.0,0.0,0.0,0.0,0.0,0.0,0.0,0.0,0.0,0.26832,0.0
21600,0.0,0.3061199188232422,0.0,0.0,0.0,0.0,0.0,0.0,81,4266,436,0.29357000000000016,0.32662
21660,0.0,0.0,0.0,0.0,0.0,0.0,0.0,0.0,0.0,0.0,0.0,0.30112,0.0
21720,0.0,0.24283266067504883,0.0,0.0,0.0,0.0,0.0,0.0,82,4266,436,0.2797199999999999,0.26123
21780,0.0,0.0,0.0,0.0,0.0,0.0,0.0,0.0,0.0,0.0,0.0,0.27575999999999995,0.0
21840,0.0,0.27449607849121094,0.0,0.0,0.0,0.0,0.0,0.0,79,4266,436,0.26737,0.30142
21900,0.0,0.0,0.0,0.0,0.0,0.0,0.0,0.0,0.0,0.0,0.0,0.29671000000000003,0.0
21960,0.0,0.22803401947021484,0.0,0.0,0.0,0.0,0.0,0.0,72,4266,436,0.23406999999999992,0.23409
22020,0.0,0.0,0.0,0.0,0.0,0.0,0.0,0.0,0.0,0.0,0.0,0.32174,0.0
22080,0.0,0.2230684757232666,0.0,0.0,0.002002716064453125,0.0,0.0,0.0,67,4266,435,0.26345,0.23647
22140,0.0,0.0,0.0,0.0,0.0,0.0,0.0,0.0,0.0,0.0,0.0,0.24709999999999996,0.0
22200,0.0,0.21819305419921875,0.0,0.0,0.002007007598876953,0.0,0.0,0.0,75,4266,435,0.28124999999999983,0.24413
22260,0.0,0.0,0.0,0.0,0.0,0.0,0.0,0.0,0.0,0.0,0.0,0.21009999999999995,0.0
22320,0.0,0.26162290573120117,0.0,0.0,0.0020062923431396484,0.0,0.0,0.0,85,4266,435,0.26693000000000006,0.26377
22380,0.0,0.0,0.0,0.0,0.0,0.0,0.0,0.0,0.0,0.0,0.0,0.22383999999999998,0.0
22440,0.0,0.19413447380065918,0.0,0.0,0.0,0.0,0.0,0.0,64,4266,435,0.24339,0.20702
22500,0.0,0.0,0.0,0.0,0.0,0.0,0.0,0.0,0.0,0.0,0.0,0.29607000000000006,0.0
22560,0.0,0.23595690727233887,0.0,0.0,0.0,0.0,0.0,0.0,69,4266,435,0.23207000000000003,0.2447
22620,0.0,0.0,0.0,0.0,0.0,0.0,0.0,0.0,0.0,0.0,0.0,0.24242999999999998,0.0
22680,0.0,0.21126604080200195,0.0,0.0,0.0,0.0,0.0,0.0,73,4266,435,0.31421999999999983,0.2239
22740,0.0,0.0,0.0,0.0,0.0,0.0,0.0,0.0,0.0,0.0,0.0,0.2804,0.0
22800,0.0,0.22306537628173828,0.0,0.0,0.0020046234130859375,0.0,0.0,0.0,67,4266,435,0.25486000000000003,0.22375
22860,0.0,0.0,0.0,0.0,0.0,0.0,0.0,0.0,0.0,0.0,0.0,0.25825000000000015,0.0
22920,0.0,0.2907881736755371,0.0,0.0,0.0,0.0,0.0,0.0,77,4266,435,0.37203000000000014,0.31186
22980,0.0,0.0,0.0,0.0,0.0,0.0,0.0,0.0,0.0,0.0,0.0,0.3171500000000001,0.0
23040,0.0,0.2181098461151123,0.0,0.0,0.0,0.0,0.0,0.0,73,4266,435,0.27404999999999996,0.23879
23100,0.0,0.0,0.0,0.0,0.0,0.0,0.0,0.0,0.0,0.0,0.0,0.23048000000000002,0.0
23160,0.0,0.28023338317871094,0.0,0.0,0.0020029544830322266,0.0,0.0,0.0,76,4266,435,0.2818500000000001,0.28119
23220,0.0,0.0,0.0,0.0,0.0,0.0,0.0,0.0,0.0,0.0,0.0,0.24233000000000005,0.0
23280,0.0,0.1604020595550537,0.0,0.0,0.0,0.0,0.0,0.0,58,4266,435,0.19759000000000002,0.18299
23340,0.0,0.0,0.0,0.0,0.0,0.0,0.0,0.0,0.0,0.0,0.0,0.2022,0.0
23400,0.0,0.21186232566833496,0.0,0.0,0.0020112991333007812,0.0,0.0,0.0,67,4266,435,0.28437000000000007,0.2114
23460,0.0,0.0,0.0,0.0,0.0,0.0,0.0,0.0,0.0,0.0,0.0,0.15219999999999997,0.0
23520,0.0,0.18154692649841309,0.0,0.0,0.0,0.0,0.0,0.0,63,4266,435,0.21777,0.19638
23580,0.0,0.0,0.0,0.0,0.0,0.0,0.0,0.0,0.0,0.0,0.0,0.20977999999999997,0.0
23640,0.0,0.23221397399902344,0.0,0.0,0.0,0.0,0.0,0.0,63,4266,435,0.22071999999999997,0.24927
23700,0.0,0.0,0.0,0.0,0.0,0.0,0.0,0.0,0.0,0.0,0.0,0.19541000000000008,0.0
23760,0.0,0.17991375923156738,0.0,0.0,0.0,0.0,0.0,0.0,52,4266,435,0.15725000000000003,0.18638
23820,0.0,0.0,0.0,0.0,0.0,0.0,0.0,0.0,0.0,0.0,0.0,0.18176,0.0
23880,0.0,0.19171929359436035,0.0,0.0,0.002003908157348633,0.0,0.0,0.0,65,4266,435,0.25327000000000005,0.20227
23940,0.0,0.0,0.0,0.0,0.0,0.0,0.0,0.0,0.0,0.0,0.0,0.17561000000000004,0.0
24000,0.0,0.20086669921875,0.0,0.0,0.0020024776458740234,0.0,0.0,0.0,58,4266,435,0.22385,0.20533
24060,0.0,0.0,0.0,0.0,0.0,0.0,0.0,0.0,0.0,0.0,0.0,0.24858999999999998,0.0
24120,0.0,0.16013717651367188,0.0,0.0,0.0,0.0,0.0,0.0,60,4266,435,0.20247,0.17571
24180,0.0,0.0,0.0,0.0,0.0,0.0,0.0,0.0,0.0,0.0,0.0,0.17558000000000007,0.0
24240,0.0,0.19930815696716309,0.0,0.0,0.0,0.0,0.0,0.0,59,4266,435,0.21936999999999998,0.21504
24300,0.0,0.0,0.0,0.0,0.0,0.0,0.0,0.0,0.0,0.0,0.0,0.20488999999999996,0.0
24360,0.0,0.15800762176513672,0.0,0.0,0.0,0.0,0.0,0.0,54,4266,435,0.22394999999999998,0.17112
24420,0.0,0.0,0.0,0.0,0.0,0.0,0.0,0.0,0.0,0.0,0.0,0.19421999999999998,0.0
24480,0.0,0.12486028671264648,0.0,0.0,0.0,0.0,0.0,0.0,46,4266,435,0.18979000000000007,0.14299
24540,0.0,0.0,0.0,0.0,0.0,0.0,0.0,0.0,0.0,0.0,0.0,0.19732000000000002,0.0
24600,0.0,0.18367981910705566,0.0,0.0,0.004494905471801758,0.0,0.0,0.0,59,4266,435,0.20020999999999997,0.2031
24660,0.0,0.0,0.0,0.0,0.0,0.0,0.0,0.0,0.0,0.0,0.0,0.17045000000000002,0.0
24720,0.0,0.12728619575500488,0.0,0.0,0.0,0.0,0.0,0.0,42,4266,435,0.14058999999999996,0.13446
24780,0.0,0.0,0.0,0.0,0.0,0.0,0.0,0.0,0.0,0.0,0.0,0.22285000000000002,0.0
24840,0.0,0.15290355682373047,0.0,0.0,0.0020089149475097656,0.0,0.0,0.0,46,4266,435,0.17669,0.17478
24900,0.0,0.0,0.0,0.0,0.0,0.0,0.0,0.0,0.0,0.0,0.0,0.16673000000000007,0.0
24960,0.0,0.21361422538757324,0.0,0.0,0.002002716064453125,0.0,0.0,0.0,52,4266,435,0.18134000000000003,0.21413
25020,0.0,0.0,0.0,0.0,0.0,0.0,0.0,0.0,0.0,0.0,0.0,0.17061999999999997,0.0
25080,0.0,0.18915796279907227,0.0,0.0,0.003972053527832031,0.0,0.0,0.0,58,4266,435,0.19303,0.20351
25140,0.0,0.0,0.0,0.0,0.0,0.0,0.0,0.0,0.0,0.0,0.0,0.10868000000000001,0.0
25200,0.0,0.11596488952636719,0.0,0.0,0.0,0.0,0.0,0.0,43,4266,435,0.13113,0.13224
25260,0.0,0.0,0.0,0.0,0.0,0.0,0.0,0.0,0.0,0.0,0.0,0.18319999999999995,0.0
25320,0.0,0.14302396774291992,0.0,0.0,0.0,0.0,0.0,0.0,41,4266,435,0.13960000000000003,0.15126
25380,0.0,0.0,0.0,0.0,0.0,0.0,0.0,0.0,0.0,0.0,0.0,0.11423,0.0
25440,0.0,0.1592261791229248,0.0,0.0,0.0,0.0,0.0,0.0,45,4266,435,0.17198999999999995,0.16101
25500,0.0,0.0,0.0,0.0,0.0,0.0,0.0,0.0,0.0,0.0,0.0,0.21787999999999993,0.0
25560,0.0,0.1024625301361084,0.0,0.0,0.0017452239990234375,0.0,0.0,0.0,36,4266,435,0.14568000000000003,0.10876
25620,0.0,0.0,0.0,0.0,0.0,0.0,0.0,0.0,0.0,0.0,0.0,0.20854999999999996,0.0
25680,0.0,0.09644389152526855,0.0,0.0,0.0,0.0,0.0,0.0,31,4266,435,0.10458000000000002,0.11325
25740,0.0,0.0,0.0,0.0,0.0,0.0,0.0,0.0,0.0,0.0,0.0,0.11955999999999999,0.0
25800,0.0,0.13444733619689941,0.0,0.0,0.0020058155059814453,0.0,0.0,0.0,35,4266,435,0.12708999999999998,0.15207
25860,0.0,0.0,0.0,0.0,0.0,0.0,0.0,0.0,0.0,0.0,0.0,0.16593,0.0
25920,0.0,0.1195211410522461,0.0,0.0,0.0,0.0,0.0,0.0,38,4266,435,0.13955,0.14203
25980,0.0,0.0,0.0,0.0,0.0,0.0,0.0,0.0,0.0,0.0,0.0,0.12033,0.0
26040,0.0,0.11952567100524902,0.0,0.0,0.0,0.0,0.0,0.0,41,4266,435,0.13723000000000002,0.14546
26100,0.0,0.0,0.0,0.0,0.0,0.0,0.0,0.0,0.0,0.0,0.0,0.0869,0.0
26160,0.0,0.09021902084350586,0.0,0.0,0.0,0.0,0.0,0.0,32,4266,435,0.15144,0.11058
26220,0.0,0.0,0.0,0.0,0.0,0.0,0.0,0.0,0.0,0.0,0.0,0.18866000000000002,0.0
26280,0.0,0.12169003486633301,0.0,0.0,0.0020034313201904297,0.0,0.0,0.0,35,4266,435,0.12427,0.13444
26340,0.0,0.0,0.0,0.0,0.0,0.0,0.0,0.0,0.0,0.0,0.0,0.07385000000000003,0.0
26400,0.0,0.10019326210021973,0.0,0.0,0.0020051002502441406,0.0,0.0,0.0,25,4266,435,0.1172,0.11513
26460,0.0,0.0,0.0,0.0,0.0,0.0,0.0,0.0,0.0,0.0,0.0,0.15391,0.0
26520,0.0,0.0796968936920166,0.0,0.0,0.0,0.0,0.0,0.0,28,4266,435,0.09823,0.09988
26580,0.0,0.0,0.0,0.0,0.0,0.0,0.0,0.0,0.0,0.0,0.0,0.10459,0.0
26640,0.0,0.06370091438293457,0.0,0.0,0.0,0.0,0.0,0.0,22,4266,435,0.07193,0.07466
26700,0.0,0.0,0.0,0.0,0.0,0.0,0.0,0.0,0.0,0.0,0.0,0.1078,0.0
26760,0.0,0.09618663787841797,0.0,0.0,0.016038894653320312,0.0,0.0,0.0,33,4266,435,0.13413999999999998,0.12249
26820,0.0,0.0,0.0,0.0,0.0,0.0,0.0,0.0,0.0,0.0,0.0,0.05217999999999999,0.0
26880,0.0,0.07982540130615234,0.0,0.0,0.0,0.0,0.0,0.0,24,4266,435,0.08433999999999998,0.09173
26940,0.0,0.0,0.0,0.0,0.0,0.0,0.0,0.0,0.0,0.0,0.0,0.07412999999999999,0.0
27000,0.0,0.07930779457092285,0.0,0.0,0.0,0.0,0.0,0.0,28,4266,435,0.08768000000000002,0.09373
27060,0.0,0.0,0.0,0.0,0.0,0.0,0.0,0.0,0.0,0.0,0.0,0.09409999999999999,0.0
27120,0.0,0.06362342834472656,0.0,0.0,0.0,0.0,0.0,0.0,20,4266,435,0.06823,0.07597
27180,0.0,0.0,0.0,0.0,0.0,0.0,0.0,0.0,0.0,0.0,0.0,0.1073,0.0
27240,0.0,0.12874412536621094,0.0,0.0,0.0,0.0,0.0,0.0,31,4266,435,0.12929,0.1472
27300,0.0,0.0,0.0,0.0,0.0,0.0,0.0,0.0,0.0,0.0,0.0,0.0691,0.0
27360,0.0,0.04945182800292969,0.0,0.0,0.0,0.0,0.0,0.0,18,4266,435,0.055740000000000005,0.06429
27420,0.0,0.0,0.0,0.0,0.0,0.0,0.0,0.0,0.0,0.0,0.0,0.06203,0.0
27480,0.0,0.042838335037231445,0.0,0.0,0.015935897827148438,0.0,0.0,0.0,17,4266,435,0.05231,0.0684
27540,0.0,0.0,0.0,0.0,0.0,0.0,0.0,0.0,0.0,0.0,0.0,0.07279000000000001,0.0
27600,0.0,0.06294083595275879,0.0,0.0,0.0,0.0,0.0,0.0,23,4266,435,0.07543000000000001,0.07753
27660,0.0,0.0,0.0,0.0,0.0,0.0,0.0,0.0,0.0,0.0,0.0,0.09513999999999999,0.0
27720,0.0,0.08024215698242188,0.0,0.0,0.002004384994506836,0.0,0.0,0.0,22,4266,435,0.09405,0.09105
27780,0.0,0.0,0.0,0.0,0.0,0.0,0.0,0.0,0.0,0.0,0.0,0.05149,0.0
27840,0.0,0.09571099281311035,0.0,0.0,0.014221906661987305,0.0,0.0,0.0,31,4266,435,0.1209,0.11397
27900,0.0,0.0,0.0,0.0,0.0,0.0,0.0,0.0,0.0,0.0,0.0,0.03535,0.0
27960,0.0,0.04830145835876465,0.0,0.0,0.014908790588378906,0.0,0.0,0.0,17,4266,435,0.0522,0.06017
28020,0.0,0.0,0.0,0.0,0.0,0.0,0.0,0.0,0.0,0.0,0.0,0.06817,0.0
28080,0.0,0.05044269561767578,0.0,0.0,0.0,0.0,0.0,0.0,14,4266,435,0.04528,0.05957
28140,0.0,0.0,0.0,0.0,0.0,0.0,0.0,0.0,0.0,0.0,0.0,0.03252,0.0
28200,0.0,0.015787839889526367,0.0,0.0,0.0,0.0,0.0,0.0,8,4266,435,0.02223,0.03606
28260,0.0,0.0,0.0,0.0,0.0,0.0,0.0,0.0,0.0,0.0,0.0,0.05700999999999999,0.0
28320,0.0,0.026103734970092773,0.0,0.0,0.0,0.0,0.0,0.0,14,4266,435,0.03923,0.0457
28380,0.0,0.0,0.0,0.0,0.0,0.0,0.0,0.0,0.0,0.0,0.0,0.09899999999999998,0.0
28440,0.0,0.03775739669799805,0.0,0.0,0.0,0.0,0.0,0.0,14,4266,435,0.06874000000000001,0.06195
28500,0.0,0.0,0.0,0.0,0.0,0.0,0.0,0.0,0.0,0.0,0.0,0.09133999999999999,0.0
28560,0.0,0.02726125717163086,0.0,0.0,0.0010051727294921875,0.0,0.0,0.0,9,4266,435,0.029570000000000006,0.04947
28620,0.0,0.0,0.0,0.0,0.0,0.0,0.0,0.0,0.0,0.0,0.0,0.05014,0.0
28680,0.0,0.06369590759277344,0.0,0.0,0.0,0.0,0.0,0.0,20,4266,435,0.08986,0.08123
28740,0.0,0.0,0.0,0.0,0.0,0.0,0.0,0.0,0.0,0.0,0.0,0.03671,0.0
28800,0.0,0.06268882751464844,0.0,0.0,0.004232645034790039,0.0,0.0,0.0,16,4266,435,0.05454,0.07814
28860,0.0,0.0,0.0,0.0,0.0,0.0,0.0,0.0,0.0,0.0,0.0,0.028050000000000002,0.0
28920,0.0,0.025847673416137695,0.0,0.0,0.0020029544830322266,0.0,0.0,0.0,5,4266,435,0.02226,0.03667
28980,0.0,0.0,0.0,0.0,0.0,0.0,0.0,0.0,0.0,0.0,0.0,0.04015,0.0
29040,0.0,0.045630693435668945,0.0,0.0,0.002004384994506836,0.0,0.0,0.0,13,4266,435,0.06965000000000002,0.05716
29100,0.0,0.0,0.0,0.0,0.0,0.0,0.0,0.0,0.0,0.0,0.0,0.04909000000000001,0.0
29160,0.0,0.030709028244018555,0.0,0.0,0.01569533348083496,0.0,0.0,0.0,11,4266,435,0.039999999999999994,0.05811
29220,0.0,0.0,0.0,0.0,0.0,0.0,0.0,0.0,0.0,0.0,0.0,0.03703,0.0
29280,0.0,0.05452990531921387,0.0,0.0,0.0,0.0,0.0,0.0,12,4266,435,0.05127,0.07421
29340,0.0,0.0,0.0,0.0,0.0,0.0,0.0,0.0,0.0,0.0,0.0,0.06061,0.0
29400,0.0,0.0813899040222168,0.0,0.0,0.003253459930419922,0.0,0.0,0.0,11,4266,435,0.05580000000000001,0.10029
29460,0.0,0.0,0.0,0.0,0.0,0.0,0.0,0.0,0.0,0.0,0.0,0.01611,0.0
29520,0.0,0.028873205184936523,0.0,0.0,0.011748313903808594,0.0,0.0,0.0,12,4266,435,0.050449999999999995,0.05128
29580,0.0,0.0,0.0,0.0,0.0,0.0,0.0,0.0,0.0,0.0,0.0,0.03763,0.0
29640,0.0,0.031793832778930664,0.0,0.0,0.0,0.0,0.0,0.0,10,4266,435,0.05354999999999999,0.05679
29700,0.0,0.0,0.0,0.0,0.0,0.0,0.0,0.0,0.0,0.0,0.0,0.030840000000000003,0.0
29760,0.0,0.0353090763092041,0.0,0.0,0.00580906867980957,0.0,0.0,0.0,7,4266,435,0.03798,0.06792
29820,0.0,0.0,0.0,0.0,0.0,0.0,0.0,0.0,0.0,0.0,0.0,0.030650000000000004,0.0
29880,0.0,0.03188943862915039,0.0,0.0,0.0020036697387695312,0.0,0.0,0.0,11,4266,435,0.040999999999999995,0.04025
29940,0.0,0.0,0.0,0.0,0.0,0.0,0.0,0.0,0.0,0.0,0.0,0.045759999999999995,0.0
30000,0.0,0.026662349700927734,0.0,0.0,0.0,0.0,0.0,0.0,7,4266,435,0.03238,0.03671
30060,0.0,0.0,0.0,0.0,0.0,0.0,0.0,0.0,0.0,0.0,0.0,0.03816,0.0
30120,0.0,0.060018062591552734,0.0,0.0,0.0040819644927978516,0.0,0.0,0.0,15,4266,435,0.05223,0.06206
30180,0.0,0.0,0.0,0.0,0.0,0.0,0.0,0.0,0.0,0.0,0.0,0.02607,0.0
30240,0.0,0.03248238563537598,0.0,0.0,0.0,0.0,0.0,0.0,10,4266,435,0.0408,0.04696
30300,0.0,0.0,0.0,0.0,0.0,0.0,0.0,0.0,0.0,0.0,0.0,0.04032000000000001,0.0
30360,0.0,0.04284954071044922,0.0,0.0,0.0020055770874023438,0.0,0.0,0.0,12,4266,435,0.07575,0.05801
30420,0.0,0.0,0.0,0.0,0.0,0.0,0.0,0.0,0.0,0.0,0.0,0.046239999999999996,0.0
30480,0.0,0.05733942985534668,0.0,0.0,0.0020036697387695312,0.0,0.0,0.0,12,4266,435,0.0391,0.058
30540,0.0,0.0,0.0,0.0,0.0,0.0,0.0,0.0,0.0,0.0,0.0,0.0431,0.0
30600,0.0,0.017162799835205078,0.0,0.0,0.0,0.0,0.0,0.0,9,4266,435,0.04704,0.0372
30660,0.0,0.0,0.0,0.0,0.0,0.0,0.0,0.0,0.0,0.0,0.0,0.04716000000000001,0.0
30720,0.0,0.04254722595214844,0.0,0.0,0.002006053924560547,0.0,0.0,0.0,14,4266,435,0.04633000000000001,0.06924
30780,0.0,0.0,0.0,0.0,0.0,0.0,0.0,0.0,0.0,0.0,0.0,0.08710999999999999,0.0
30840,0.0,0.05104470252990723,0.0,0.0,0.0,0.0,0.0,0.0,16,4266,435,0.05627,0.06524
30900,0.0,0.0,0.0,0.0,0.0,0.0,0.0,0.0,0.0,0.0,0.0,0.05044,0.0
30960,0.0,0.04982757568359375,0.0,0.0,0.002004384994506836,0.0,0.0,0.0,19,4266,435,0.0656,0.06279
31020,0.0,0.0,0.0,0.0,0.0,0.0,0.0,0.0,0.0,0.0,0.0,0.03812,0.0
31080,0.0,0.06616640090942383,0.0,0.0,0.0020058155059814453,0.0,0.0,0.0,22,4266,435,0.07910999999999999,0.08349
31140,0.0,0.0,0.0,0.0,0.0,0.0,0.0,0.0,0.0,0.0,0.0,0.04693,0.0
31200,0.0,0.05106377601623535,0.0,0.0,0.0020787715911865234,0.0,0.0,0.0,19,4266,435,0.0649,0.07442
31260,0.0,0.0,0.0,0.0,0.0,0.0,0.0,0.0,0.0,0.0,0.0,0.08006,0.0
31320,0.0,0.04199981689453125,0.0,0.0,0.0017333030700683594,0.0,0.0,0.0,17,4266,435,0.08116000000000001,0.06768
31380,0.0,0.0,0.0,0.0,0.0,0.0,0.0,0.0,0.0,0.0,0.0,0.07648999999999999,0.0
31440,0.0,0.06349539756774902,0.0,0.0,0.0,0.0,0.0,0.0,24,4266,435,0.08008,0.08666
31500,0.0,0.0,0.0,0.0,0.0,0.0,0.0,0.0,0.0,0.0,0.0,0.0588,0.0
31560,0.0,0.06323480606079102,0.0,0.0,0.0,0.0,0.0,0.0,16,4266,435,0.06032,0.07741
31620,0.0,0.0,0.0,0.0,0.0,0.0,0.0,0.0,0.0,0.0,0.0,0.06603999999999999,0.0
31680,0.0,0.08301949501037598,0.0,0.0,0.0020041465759277344,0.0,0.0,0.0,23,4266,435,0.08907000000000001,0.09262
31740,0.0,0.0,0.0,0.0,0.0,0.0,0.0,0.0,0.0,0.0,0.0,0.08467,0.0
31800,0.0,0.1080176830291748,0.0,0.0,0.0,0.0,0.0,0.0,37,4266,435,0.12181999999999998,0.12535
31860,0.0,0.0,0.0,0.0,0.0,0.0,0.0,0.0,0.0,0.0,0.0,0.09846,0.0
31920,0.0,0.10916614532470703,0.0,0.0,0.0,0.0,0.0,0.0,34,4266,435,0.11118000000000001,0.12456
31980,0.0,0.0,0.0,0.0,0.0,0.0,0.0,0.0,0.0,0.0,0.0,0.05531999999999999,0.0
32040,0.0,0.09108471870422363,0.0,0.0,0.0020036697387695312,0.0,0.0,0.0,29,4266,435,0.09605000000000002,0.10288
32100,0.0,0.0,0.0,0.0,0.0,0.0,0.0,0.0,0.0,0.0,0.0,0.09677000000000001,0.0
32160,0.0,0.10464978218078613,0.0,0.0,0.0,0.0,0.0,0.0,37,4266,435,0.14160999999999999,0.12231
32220,0.0,0.0,0.0,0.0,0.0,0.0,0.0,0.0,0.0,0.0,0.0,0.13291999999999995,0.0
32280,0.0,0.08397126197814941,0.0,0.0,0.0,0.0,0.0,0.0,25,4266,435,0.0905,0.09673
32340,0.0,0.0,0.0,0.0,0.0,0.0,0.0,0.0,0.0,0.0,0.0,0.13774999999999998,0.0
32400,0.0,0.18544507026672363,0.0,0.0,0.0,0.0,0.0,0.0,50,4266,435,0.2605,0.20025
32460,0.0,0.0,0.0,0.0,0.0,0.0,0.0,0.0,0.0,0.0,0.0,0.09215,0.0
32520,0.0,0.09407544136047363,0.0,0.0,0.0020051002502441406,0.0,0.0,0.0,30,4266,435,0.14297999999999997,0.10738
32580,0.0,0.0,0.0,0.0,0.0,0.0,0.0,0.0,0.0,0.0,0.0,0.15798999999999996,0.0
32640,0.0,0.1451122760772705,0.0,0.0,0.0,0.0,0.0,0.0,41,4266,435,0.16423000000000004,0.15363
32700,0.0,0.0,0.0,0.0,0.0,0.0,0.0,0.0,0.0,0.0,0.0,0.19894,0.0
32760,0.0,0.13161015510559082,0.0,0.0,0.0,0.0,0.0,0.0,47,4266,435,0.20052999999999999,0.14596
32820,0.0,0.0,0.0,0.0,0.0,0.0,0.0,0.0,0.0,0.0,0.0,0.2257999999999999,0.0
32880,0.0,0.13231468200683594,0.0,0.0,0.0,0.0,0.0,0.0,48,4266,435,0.21752000000000005,0.15329
32940,0.0,0.0,0.0,0.0,0.0,0.0,0.0,0.0,0.0,0.0,0.0,0.26524000000000003,0.0
33000,0.0,0.330855131149292,0.0,0.0,0.005481719970703125,0.0,0.0,0.0,68,4266,435,0.38136000000000014,0.36125
33060,0.0,0.0,0.0,0.0,0.0,0.0,0.0,0.0,0.0,0.0,0.0,0.22405999999999998,0.0
33120,0.0,0.15840959548950195,0.0,0.0,0.0,0.0,0.0,0.0,56,4266,435,0.18036000000000002,0.18833
33180,0.0,0.0,0.0,0.0,0.0,0.0,0.0,0.0,0.0,0.0,0.0,0.19013999999999998,0.0
33240,0.0,0.1678462028503418,0.0,0.0,0.0,0.0,0.0,0.0,55,4266,435,0.18198999999999996,0.18535
33300,0.0,0.0,0.0,0.0,0.0,0.0,0.0,0.0,0.0,0.0,0.0,0.17811000000000005,0.0
33360,0.0,0.15636181831359863,0.0,0.0,0.0,0.0,0.0,0.0,57,4266,435,0.23112000000000008,0.18293
33420,0.0,0.0,0.0,0.0,0.0,0.0,0.0,0.0,0.0,0.0,0.0,0.22919,0.0
33480,0.0,0.27227783203125,0.0,0.0,0.0020041465759277344,0.0,0.0,0.0,74,4266,435,0.31464999999999993,0.28062
33540,0.0,0.0,0.0,0.0,0.0,0.0,0.0,0.0,0.0,0.0,0.0,0.20195000000000005,0.0
33600,0.0,0.21614313125610352,0.0,0.0,0.0,0.0,0.0,0.0,70,4266,435,0.22358999999999996,0.23654
33660,0.0,0.0,0.0,0.0,0.0,0.0,0.0,0.0,0.0,0.0,0.0,0.2536300000000001,0.0
33720,0.0,0.23012495040893555,0.0,0.0,0.0,0.0,0.0,0.0,67,4266,435,0.23632,0.24407
33780,0.0,0.0,0.0,0.0,0.0,0.0,0.0,0.0,0.0,0.0,0.0,0.2401499999999999,0.0
33840,0.0,0.2349693775177002,0.0,0.0,0.0,0.0,0.0,0.0,74,4266,435,0.30162,0.25713
33900,0.0,0.0,0.0,0.0,0.0,0.0,0.0,0.0,0.0,0.0,0.0,0.2998999999999999,0.0
33960,0.0,0.21279692649841309,0.0,0.0,0.0,0.0,0.0,0.0,81,4266,435,0.29755,0.23849
34020,0.0,0.0,0.0,0.0,0.0,0.0,0.0,0.0,0.0,0.0,0.0,0.27179000000000014,0.0
34080,0.0,0.252821683883667,0.0,0.0,0.003595590591430664,0.0,0.0,0.0,94,4266,435,0.2998200000000001,0.26565
34140,0.0,0.0,0.0,0.0,0.0,0.0,0.0,0.0,0.0,0.0,0.0,0.27463000000000015,0.0
34200,0.0,0.32127881050109863,0.0,0.0,0.0,0.0,0.0,0.0,96,4266,435,0.39830999999999994,0.33374
34260,0.0,0.0,0.0,0.0,0.0,0.0,0.0,0.0,0.0,0.0,0.0,0.32125999999999993,0.0
34320,0.0,0.22641587257385254,0.0,0.0,0.009726762771606445,0.0,0.0,0.0,69,4266,435,0.24862000000000004,0.238
34380,0.0,0.0,0.0,0.0,0.0,0.0,0.0,0.0,0.0,0.0,0.0,0.30755,0.0
34440,0.0,0.26432228088378906,0.0,0.0,0.0020041465759277344,0.0,0.0,0.0,90,4266,435,0.3095599999999999,0.27787
34500,0.0,0.0,0.0,0.0,0.0,0.0,0.0,0.0,0.0,0.0,0.0,0.3433899999999999,0.0
34560,0.0,0.2865300178527832,0.0,0.0,0.0,0.0,0.0,0.0,90,4266,435,0.28489000000000003,0.28971
34620,0.0,0.0,0.0,0.0,0.0,0.0,0.0,0.0,0.0,0.0,0.0,0.37048999999999993,0.0
34680,0.0,0.3947734832763672,0.0,0.0,0.002003908157348633,0.0,0.0,0.0,115,4266,435,0.3942400000000001,0.40487
34740,0.0,0.0,0.0,0.0,0.0,0.0,0.0,0.0,0.0,0.0,0.0,0.4234200000000001,0.0
34800,0.0,0.3753492832183838,0.0,0.0,0.0,0.0,0.0,0.0,98,4266,435,0.4036600000000001,0.39404
34860,0.0,0.0,0.0,0.0,0.0,0.0,0.0,0.0,0.0,0.0,0.0,0.4322400000000001,0.0
34920,0.0,0.30221033096313477,0.0,0.0,0.0,0.0,0.0,0.0,97,4266,435,0.3634299999999999,0.31883
34980,0.0,0.0,0.0,0.0,0.0,0.0,0.0,0.0,0.0,0.0,0.0,0.27941,0.0
35040,0.0,0.32779502868652344,0.0,0.0,0.0,0.0,0.0,0.0,98,4266,435,0.3496699999999998,0.33281
35100,0.0,0.0,0.0,0.0,0.0,0.0,0.0,0.0,0.0,0.0,0.0,0.35947999999999986,0.0
35160,0.0,0.26824116706848145,0.0,0.0,0.0,0.0,0.0,0.0,91,4266,435,0.35846,0.28213
35220,0.0,0.0,0.0,0.0,0.0,0.0,0.0,0.0,0.0,0.0,0.0,0.3598200000000001,0.0
35280,0.0,0.39298391342163086,0.0,0.0,0.0,0.0,0.0,0.0,121,4266,435,0.3984200000000001,0.40699
35340,0.0,0.0,0.0,0.0,0.0,0.0,0.0,0.0,0.0,0.0,0.0,0.44809000000000015,0.0
35400,0.0,0.35030102729797363,0.0,0.0,0.0,0.0,0.0,0.0,107,4266,435,0.35731000000000024,0.35751
35460,0.0,0.0,0.0,0.0,0.0,0.0,0.0,0.0,0.0,0.0,0.0,0.38775999999999977,0.0
35520,0.0,0.4078710079193115,0.0,0.0,0.0020055770874023438,0.0,0.0,0.0,124,4266,435,0.45534,0.42669
35580,0.0,0.0,0.0,0.0,0.0,0.0,0.0,0.0,0.0,0.0,0.0,0.43358999999999986,0.0
35640,0.0,0.47441744804382324,0.0,0.0,0.0,0.0,0.0,0.0,123,4266,435,0.43998,0.49243
35700,0.0,0.0,0.0,0.0,0.0,0.0,0.0,0.0,0.0,0.0,0.0,0.37286,0.0
35760,0.0,0.33478784561157227,0.0,0.0,0.0,0.0,0.0,0.0,119,4266,435,0.38763000000000003,0.34871
35820,0.0,0.0,0.0,0.0,0.0,0.0,0.0,0.0,0.0,0.0,0.0,0.39431,0.0
35880,0.0,0.33539438247680664,0.0,0.0,0.0,0.0,0.0,0.0,119,4266,435,0.4036000000000001,0.35195
35940,0.0,0.0,0.0,0.0,0.0,0.0,0.0,0.0,0.0,0.0,0.0,0.33309000000000005,0.0
36000,0.0,0.4316751956939697,0.0,0.0,0.0,0.0,0.0,0.0,106,4266,435,0.4506500000000002,0.44858
36060,0.0,0.0,0.0,0.0,0.0,0.0,0.0,0.0,0.0,0.0,0.0,0.34731000000000006,0.0
36120,0.0,0.34848713874816895,0.0,0.0,0.01578974723815918,0.0,0.0,0.0,98,4266,435,0.33274000000000004,0.37345
36180,0.0,0.0,0.0,0.0,0.0,0.0,0.0,0.0,0.0,0.0,0.0,0.37491,0.0
36240,0.0,0.3520193099975586,0.0,0.0,0.0,0.0,0.0,0.0,104,4266,435,0.34987000000000007,0.36414
36300,0.0,0.0,0.0,0.0,0.0,0.0,0.0,0.0,0.0,0.0,0.0,0.3157399999999999,0.0
36360,0.0,0.3435697555541992,0.0,0.0,0.0017473697662353516,0.0,0.0,0.0,101,4266,435,0.3640900000000001,0.34267
36420,0.0,0.0,0.0,0.0,0.0,0.0,0.0,0.0,0.0,0.0,0.0,0.39039,0.0
36480,0.0,0.3341033458709717,0.0,0.0,0.0,0.0,0.0,0.0,105,4266,435,0.38792,0.34848
36540,0.0,0.0,0.0,0.0,0.0,0.0,0.0,0.0,0.0,0.0,0.0,0.45127999999999996,0.0
36600,0.0,0.27333974838256836,0.0,0.0,0.0020041465759277344,0.0,0.0,0.0,102,4266,435,0.37462999999999996,0.28347
36660,0.0,0.0,0.0,0.0,0.0,0.0,0.0,0.0,0.0,0.0,0.0,0.34367000000000003,0.0
36720,0.0,0.2977564334869385,0.0,0.0,0.0,0.0,0.0,0.0,98,4266,435,0.35688,0.31655
36780,0.0,0.0,0.0,0.0,0.0,0.0,0.0,0.0,0.0,0.0,0.0,0.37449,0.0
36840,0.0,0.41501545906066895,0.0,0.0,0.0020051002502441406,0.0,0.0,0.0,107,4266,435,0.42810000000000004,0.43317
36900,0.0,0.0,0.0,0.0,0.0,0.0,0.0,0.0,0.0,0.0,0.0,0.49558000000000013,0.0
36960,0.0,0.3148832321166992,0.0,0.0,0.0,0.0,0.0,0.0,110,4266,435,0.3675400000000001,0.3336
37020,0.0,0.0,0.0,0.0,0.0,0.0,0.0,0.0,0.0,0.0,0.0,0.27168999999999993,0.0
37080,0.0,0.3439042568206787,0.0,0.0,0.002002716064453125,0.0,0.0,0.0,99,4266,435,0.35587000000000013,0.35806
37140,0.0,0.0,0.0,0.0,0.0,0.0,0.0,0.0,0.0,0.0,0.0,0.37324999999999986,0.0
37200,0.0,0.28827452659606934,0.0,0.0,0.0,0.0,0.0,0.0,89,4266,435,0.32186,0.29323
37260,0.0,0.0,0.0,0.0,0.0,0.0,0.0,0.0,0.0,0.0,0.0,0.26192,0.0
37320,0.0,0.3019735813140869,0.0,0.0,0.0,0.0,0.0,0.0,100,4266,435,0.37251999999999985,0.32089
37380,0.0,0.0,0.0,0.0,0.0,0.0,0.0,0.0,0.0,0.0,0.0,0.3769799999999999,0.0
37440,0.0,0.3033108711242676,0.0,0.0,0.0020051002502441406,0.0,0.0,0.0,91,4266,435,0.3460700000000001,0.32389
37500,0.0,0.0,0.0,0.0,0.0,0.0,0.0,0.0,0.0,0.0,0.0,0.40107,0.0
37560,0.0,0.2879760265350342,0.0,0.0,0.0,0.0,0.0,0.0,91,4266,435,0.33465999999999996,0.29542
37620,0.0,0.0,0.0,0.0,0.0,0.0,0.0,0.0,0.0,0.0,0.0,0.2928699999999999,0.0
37680,0.0,0.301755428314209,0.0,0.0,0.0,0.0,0.0,0.0,79,4266,435,0.26641000000000004,0.3161
37740,0.0,0.0,0.0,0.0,0.0,0.0,0.0,0.0,0.0,0.0,0.0,0.44425000000000014,0.0
37800,0.0,0.28386473655700684,0.0,0.0,0.0,0.0,0.0,0.0,98,4266,435,0.31143999999999994,0.29111
37860,0.0,0.0,0.0,0.0,0.0,0.0,0.0,0.0,0.0,0.0,0.0,0.22393999999999992,0.0
37920,0.0,0.3057875633239746,0.0,0.0,0.004286527633666992,0.0,0.0,0.0,81,4266,435,0.30948999999999993,0.31107
37980,0.0,0.0,0.0,0.0,0.0,0.0,0.0,0.0,0.0,0.0,0.0,0.29375000000000007,0.0
38040,0.0,0.24485468864440918,0.0,0.0,0.0,0.0,0.0,0.0,87,4266,435,0.3118100000000002,0.25484
38100,0.0,0.0,0.0,0.0,0.0,0.0,0.0,0.0,0.0,0.0,0.0,0.3464,0.0
38160,0.0,0.2549881935119629,0.0,0.0,0.001744985580444336,0.0,0.0,0.0,81,4266,435,0.27103,0.2688
38220,0.0,0.0,0.0,0.0,0.0,0.0,0.0,0.0,0.0,0.0,0.0,0.25587,0.0
38280,0.0,0.23575210571289062,0.0,0.0,0.0,0.0,0.0,0.0,74,4266,435,0.2765999999999999,0.25002
38340,0.0,0.0,0.0,0.0,0.0,0.0,0.0,0.0,0.0,0.0,0.0,0.20762999999999998,0.0
38400,0.0,0.19126176834106445,0.0,0.0,0.0,0.0,0.0,0.0,60,4266,435,0.23842,0.20667
38460,0.0,0.0,0.0,0.0,0.0,0.0,0.0,0.0,0.0,0.0,0.0,0.26037,0.0
38520,0.0,0.1592259407043457,0.0,0.0,0.0,0.0,0.0,0.0,56,4266,435,0.1741,0.16389
38580,0.0,0.0,0.0,0.0,0.0,0.0,0.0,0.0,0.0,0.0,0.0,0.25211,0.0
38640,0.0,0.20523452758789062,0.0,0.0,0.0,0.0,0.0,0.0,65,4266,435,0.22830999999999999,0.22653
38700,0.0,0.0,0.0,0.0,0.0,0.0,0.0,0.0,0.0,0.0,0.0,0.22982000000000002,0.0
38760,0.0,0.17663788795471191,0.0,0.0,0.0,0.0,0.0,0.0,53,4266,435,0.24205999999999997,0.19597
38820,0.0,0.0,0.0,0.0,0.0,0.0,0.0,0.0,0.0,0.0,0.0,0.22362999999999997,0.0
38880,0.0,0.18105483055114746,0.0,0.0,0.0,0.0,0.0,0.0,60,4266,435,0.24469,0.2015
38940,0.0,0.0,0.0,0.0,0.0,0.0,0.0,0.0,0.0,0.0,0.0,0.17232,0.0
39000,0.0,0.17113637924194336,0.0,0.0,0.0,0.0,0.0,0.0,58,4266,435,0.17956999999999995,0.18357
39060,0.0,0.0,0.0,0.0,0.0,0.0,0.0,0.0,0.0,0.0,0.0,0.24059999999999998,0.0
39120,0.0,0.16968703269958496,0.0,0.0,0.0020024776458740234,0.0,0.0,0.0,49,4266,435,0.15885000000000005,0.17084
39180,0.0,0.0,0.0,0.0,0.0,0.0,0.0,0.0,0.0,0.0,0.0,0.16937000000000005,0.0
39240,0.0,0.1461780071258545,0.0,0.0,0.0,0.0,0.0,0.0,44,4266,435,0.16344,0.16036
39300,0.0,0.0,0.0,0.0,0.0,0.0,0.0,0.0,0.0,0.0,0.0,0.24233999999999994,0.0
39360,0.0,0.10185623168945312,0.0,0.0,0.0,0.0,0.0,0.0,46,4266,435,0.13348999999999997,0.11983
39420,0.0,0.0,0.0,0.0,0.0,0.0,0.0,0.0,0.0,0.0,0.0,0.16589999999999996,0.0
39480,0.0,0.15544557571411133,0.0,0.0,0.0020046234130859375,0.0,0.0,0.0,45,4266,435,0.16448,0.16691
39540,0.0,0.0,0.0,0.0,0.0,0.0,0.0,0.0,0.0,0.0,0.0,0.14784,0.0
39600,0.0,2.2305526733398438,0.0,0.0,0.002004861831665039,0.0,0.0,0.0,710,4266,435,2.421989999999998,2.25247
